{"cameraMode":{"drawMode":0,"name":"Shaded","section":"Shading Mode"},"sceneLighting":true,"audioPlay":false,"sceneViewState":{"showFog":true,"showMaterialUpdate":false,"showSkybox":true,"showFlares":true,"showImageEffects":true,"showParticleSystems":true},"in2DMode":false,"pivot":{"x":94.50872802734375,"y":62.642452239990237,"z":87.83091735839844},"rotation":{"x":0.018275368958711625,"y":-0.3856596350669861,"z":0.007640752475708723,"w":0.9224280714988709},"size":117.39019012451172,"orthographic":false}