{"cameraMode":{"drawMode":0,"name":"Shaded","section":"Shading Mode"},"sceneLighting":true,"audioPlay":false,"sceneViewState":{"showFog":true,"showMaterialUpdate":false,"showSkybox":true,"showFlares":true,"showImageEffects":true,"showParticleSystems":true},"in2DMode":false,"pivot":{"x":268.8760070800781,"y":308.7542419433594,"z":-34.5831298828125},"rotation":{"x":0.09425868093967438,"y":-0.09245406836271286,"z":0.008791862986981869,"w":0.9912081956863403},"size":186.227294921875,"orthographic":false}